longitude,latitude,elevation
-51.132690934759445,-27.681842147390025,875.048589301738
-51.12928615910443,-27.68272707847317,952.0427769944653
-51.12665444052724,-27.688384723585052,903.2699130949752
-51.12704196086731,-27.694229581981844,956.966325604287
-51.132690934759445,-27.6818361317786,880.2454184164275
-51.12197593179346,-27.683691362090922,955.3783583306802
-51.13180427903744,-27.68203694808117,912.5698289243246
-51.12844401088099,-27.69266555019184,875.8851130632571
-51.132690934759445,-27.681820139364756,874.8359452825493
-51.10852558725688,-27.693354587591816,964.3634552426662
-51.102835490796195,-27.707530608472574,979.2840158733284
-51.132690934759445,-27.681820393745138,894.8694796437305
-51.110341488915175,-27.688190398090743,980.8973804656935
-51.12933318372598,-27.68185946185796,887.4519634002769
-51.11824810757668,-27.70458367743468,882.4235914540354
-51.12997149297298,-27.682007546551546,934.9932446539601
-51.114721326531814,-27.692785822288492,951.1248312500651
-51.1305731956624,-27.682002712347302,907.760315867303
-51.105432176258375,-27.714170765634645,978.4375085883839
-51.132690934759445,-27.68505901342293,875.5429968681311
-51.117963953435066,-27.708628448501404,880.7060180964596
-51.132690934759445,-27.681820403580705,874.8353696152502
-51.11997390230215,-27.68945581899726,960.7335244201977
-51.12087603073584,-27.693307672129173,881.9839121675717
-51.106245805837446,-27.715494624508132,980.1222129151768
-51.132690934759445,-27.681820139568877,889.4557318465453
-51.129456947159106,-27.6821217314624,876.3692885166175
-51.11134197765715,-27.684545807674937,989.6274749109105
-51.100704284148925,-27.716135440023788,989.9351441277789
-51.132690934759445,-27.681820391370277,879.4048811885966
-51.12000955011698,-27.69531643940898,899.7606875383585
-51.132690934759445,-27.68189134344644,919.0958324984339
-51.127237085424234,-27.685761520899554,945.3160667803918
-51.12387311976612,-27.701625057778703,881.3444548314869
-51.09917396847104,-27.717491333409153,995.7769954116509
-51.10285976354277,-27.709908552392953,991.8472019754536
-51.13232789919868,-27.6954276896841,876.4161863263046
-51.108917468632605,-27.69580942806247,994.6423735902686
-51.13167718808515,-27.68347944602521,880.3369154701147
-51.09896923733615,-27.717759744223837,971.4680939235694
-51.132690934759445,-27.681827104146638,912.2626211082878
-51.11287000895004,-27.71744839362912,939.8151860265291
-51.131043562746356,-27.681857502610757,919.5051222552304
-51.098859189465514,-27.717773753703927,995.9746830440909
-51.10143498643781,-27.716898861654027,983.2556539140752
-51.102399541565205,-27.71684986188915,979.2065474455494
-51.132690934759445,-27.681824884151496,875.5526365737041
-51.132690934759445,-27.681820139636358,874.876756480694
-51.12365626260246,-27.682273137857994,886.7880531572173
-51.10506727386394,-27.704099319389545,980.0770537762814
-51.132690934759445,-27.681820481156155,878.2716544557077
-51.10025938632944,-27.71772148358899,980.44774095928
-51.119737121562125,-27.7043446332635,987.4485762631155
-51.11675943864743,-27.6826690071909,988.8990465535978
-51.10544821912749,-27.700643685191785,974.4842337134432
-51.10321157796973,-27.713416514013442,995.4685445461207
-51.12798286834134,-27.684805230188186,883.1977679862712
-51.132690934759445,-27.68182013939013,874.8439505642721
-51.09919976040673,-27.717123026461532,995.9624310199978
-51.129120674558074,-27.686734438669863,883.3231472494391
-51.132690934759445,-27.681820139349842,874.8351135766443
-51.11659522543143,-27.69511147841429,904.555623297166
-51.12923981855712,-27.68207426370339,883.4416783582602
-51.123004509616244,-27.682143671473007,934.413968742475
-51.10015689633119,-27.71564531643414,995.7046408702697
-51.13117256780607,-27.681894861615394,877.8222343840591
-51.09891848258191,-27.71461232464882,995.6890395621091
-51.111273420601286,-27.691974642427226,945.5612696119199
-51.132690934759445,-27.68182091044319,874.9032224415913
-51.132690934759445,-27.68182592860771,874.8548684837074
-51.09980364034459,-27.717707478405156,994.7284389140165
-51.132690934759445,-27.682655389058425,886.3675318946806
-51.132477269933126,-27.68246454935642,882.1998797402397
-51.132653151540715,-27.681848373789432,876.1118862304703
-51.132690934759445,-27.681823254010077,875.4432677457638
-51.1115271807877,-27.70929975616328,879.7308277905762
-51.116440719070376,-27.68632945019452,936.7409791457425
-51.132690934759445,-27.6819311188404,907.013951234672
-51.10475891876902,-27.689216859304565,995.9618153665192
-51.11221079014204,-27.692161294889175,890.8596620772508
-51.12368273061255,-27.69430230190851,914.019392274443
-51.13212107670183,-27.682159951083904,939.0048634185092
-51.1304830726324,-27.681846019411278,985.3128156257052
-51.09907458671824,-27.717575649867403,995.7655494758978
-51.132690934759445,-27.68185195379166,878.4706120330577
-51.10229973007789,-27.715222325890313,980.1724869632667
-51.13066197599433,-27.684054610552888,875.1020744513056
-51.132690934759445,-27.681820690032048,875.3318633400718
-51.132690934759445,-27.681820608523847,875.2476602243563
-51.10743900970288,-27.68420218810425,995.1807027993138
-51.104062616608836,-27.69512661760356,995.4528264766562
-51.132690934759445,-27.68182498524009,932.8004765085711
-51.131513921296474,-27.682302328736846,884.1492076601626
-51.109577720898905,-27.695079011832302,902.2628933232838
-51.12607764656677,-27.68523108067994,880.3273843874952
-51.12990828306794,-27.682100304296156,876.4365679761131
-51.132690934759445,-27.681831728109522,875.3467571504851
-51.11639957770317,-27.68443304759324,967.9592484592657
-51.129838366319724,-27.682928947654123,911.7900204858022
-51.129919138680506,-27.6827981659746,877.262452522844
-51.132690934759445,-27.681840582029597,883.7214499381624
-51.132690934759445,-27.682427496116617,911.20542040149
-51.12526697916862,-27.684096242583042,926.1521880411293
-51.1236432579894,-27.683951985956817,930.133327219669
-51.12308765812413,-27.68366090984769,950.16173450491
-51.132690934759445,-27.681824028363796,875.36337808974
-51.102669021437286,-27.71623113767961,983.5350242837885
-51.1188028554712,-27.683252871521702,954.48695427007
-51.09923864022646,-27.708623432794194,995.8111829216864
-51.1283340456831,-27.694354846533884,875.3489913135576
-51.13145937101545,-27.682442172818803,882.7344238784632
-51.10082402328753,-27.71240486443088,984.1319558768954
-51.10326650047798,-27.714648533986644,940.883787941978
-51.10705642919786,-27.69696867745563,985.902821011026
-51.125931406714656,-27.690814923532365,888.4048287082279
-51.11492450533547,-27.685547620341016,964.1411840701078
-51.104907460862236,-27.714520990912323,951.6359956698149
-51.132690934759445,-27.681820175947134,874.835127258792
-51.132690934759445,-27.682428616294196,884.6988710671975
-51.12997869595313,-27.68599332866425,875.2338785357808
-51.10201542212637,-27.71132102941226,946.9525056112178
-51.12108292607179,-27.682927739528367,951.6502223163856
-51.130392989336656,-27.68307275396749,898.7706594428232
-51.124097711877084,-27.684447441939632,947.1222923789551
-51.10790448907227,-27.695760588352837,983.6434063371037
-51.11912491111263,-27.685726018964655,875.2975911464775
-51.132690934759445,-27.681827969244537,905.8091357178896
-51.132690934759445,-27.681826576066907,885.438380529758
-51.13161525208437,-27.68200272671371,886.8034511649043
-51.13210095894032,-27.681924679794093,909.5951650208962
-51.124145339216945,-27.686450504825697,901.0767139382873
-51.132690934759445,-27.681820163217136,874.9414000797583
-51.132690934759445,-27.681820152997044,874.8635682917364
-51.13199152919024,-27.691367119621205,922.0187000105365
-51.11832957081166,-27.688376649167818,906.2899414834593
-51.11043576034821,-27.698416463567217,984.6601581014448
-51.12997131730083,-27.691978132004895,876.6099715538736
-51.132690934759445,-27.681849731961126,874.9697018382741
-51.124014971956484,-27.685939165912387,949.8830162116305
-51.12965668904089,-27.681888180541886,878.1160991311218
-51.124224530946975,-27.683482632510525,990.6105458734864
-51.11289921660367,-27.693796841066774,992.5601538737035
-51.132690934759445,-27.68182097121849,874.8835955866358
-51.132690934759445,-27.68182013934986,874.8351015202095
-51.132690934759445,-27.68182013934983,874.8351304901181
-51.132690934759445,-27.681820139787867,888.8000099232038
-51.132690934759445,-27.68183873711794,876.4697105330818
-51.132026769328995,-27.682488886128105,875.5545529094954
-51.12022733892874,-27.683328448220006,995.6350280260494
-51.132690934759445,-27.68182017127649,931.0996051746882
-51.1282143371337,-27.684282455316534,928.9519148949175
-51.132690934759445,-27.682610255959347,876.8131273485205
-51.13030459528845,-27.681900598187262,919.4089609587364
-51.120094383293406,-27.70106415764791,874.8504597069191
-51.09884378522887,-27.717676643297597,994.3152316061103
-51.132690934759445,-27.68182024433683,876.150014020512
-51.10870097284515,-27.69787993603421,985.1447789292492
-51.12438080451708,-27.684162602583356,987.7183616052394
-51.13045818090956,-27.68473538097138,881.2097901880168
-51.11850840252751,-27.697998070340372,987.9800003617615
-51.11061735909839,-27.70632495607092,992.5664335025555
-51.12992535757706,-27.682685208235092,904.6122471944246
-51.132690934759445,-27.681820881401496,886.9538508178214
-51.13195088527626,-27.681834832549697,929.4681219098923
-51.132690934759445,-27.68183175342393,885.3246681912794
-51.132690934759445,-27.681820139449414,875.53738337787
-51.13222257846354,-27.681830363367023,885.3220748408522
-51.132690934759445,-27.681821367883952,888.1142474712276
-51.09889767005359,-27.717740726174256,992.4238300085412
-51.12172160482533,-27.697551496540253,891.0257925475594
-51.09901627197053,-27.717493912403604,981.588402295492
-51.132690934759445,-27.681829605130012,875.1708022576844
-51.12264914538797,-27.682808946663254,922.4329050570317
-51.1074032674542,-27.711844409546426,972.7385002004183
-51.10504366961768,-27.714829171550868,971.9047376097575
-51.132690934759445,-27.68185016000773,879.5232252448258
-51.12246605009119,-27.684560106024616,993.9215247814551
-51.131485107900886,-27.681855148771277,961.5247713962235
-51.132690934759445,-27.681820187900648,877.9436890480708
-51.132690934759445,-27.681872710828763,876.0519121182164
-51.132690934759445,-27.681820144170903,881.8313549094556
-51.132337350884384,-27.681822778343363,977.8800248485574
-51.120830762316835,-27.685699713685302,896.2907242436969
-51.10625725744638,-27.709187861517815,987.0691510359372
-51.123772973498646,-27.684784466463327,887.6816883862567
-51.11123142603936,-27.695757135273247,963.5448513575172
-51.110662845281674,-27.684643744661063,963.354056051787
-51.10802767861663,-27.70965233387087,989.2003543547255
-51.114053966103306,-27.689245076529517,975.0370452074201
-51.12554035646393,-27.6828986493058,881.0870820147359
-51.12264124742565,-27.68655791132917,876.8024119760073
-51.10615088401126,-27.701538536919642,931.1867593895055
-51.11084840184771,-27.71072334392045,960.9098980514941
-51.12884968019163,-27.682529809537247,896.2979343783616
-51.132690934759445,-27.681820441936672,921.4370369257789
-51.1026005441339,-27.708238243784894,928.4010013330793
-51.10110379015106,-27.71673914333349,991.5229968426445
-51.132690934759445,-27.681826429451743,895.0931709975557
-51.13245391493682,-27.68182451495999,923.4002055740905
-51.123835847203594,-27.687430752095025,993.726682017014
-51.09941466615236,-27.717658654824625,981.3805797037872
-51.11869001370962,-27.68592061208599,959.9205545693758
-51.100853402058554,-27.711895320100936,991.5052253615772
-51.11913788959796,-27.686243241961076,965.277579575616
-51.11945888516911,-27.709062712655584,876.5672066146267
-51.12466149096022,-27.690139471017222,875.9529469312716
-51.132690934759445,-27.681822661449733,877.6722878625541
-51.132690934759445,-27.68182013940832,874.8351086060862
-51.122341208072434,-27.690819455172978,994.7484652273429
-51.11646604416584,-27.690665758865816,994.0374298730777
-51.132688710967116,-27.681822813163425,883.5192812013237
-51.10021927239214,-27.71774988678758,938.1635598069005
-51.102859876135085,-27.70746364501504,994.3118435463203
-51.10565029036706,-27.71051304993936,989.1609544833275
-51.105277883523,-27.711305371862405,985.53053175703
-51.132690934759445,-27.681889501753027,884.5292247855227
-51.12498597014195,-27.698794108444062,879.4164162435748
-51.115885687258206,-27.69365086809659,922.9257477476579
-51.132690934759445,-27.681820341322027,875.7599896726408
-51.131039334393115,-27.682142494605465,893.5820487415571
-51.09995422444982,-27.715482705299976,995.7294971512831
-51.132690934759445,-27.681842688843904,879.1936065928599
-51.132690934759445,-27.68182067218373,874.992116301081
-51.11060711897205,-27.695030094112862,962.0462735724522
-51.13136543862519,-27.683384212783842,881.9900210467141
-51.12050202872181,-27.68307375217027,957.3213641410255
-51.10050830055989,-27.717010173351724,992.8600512222489
-51.10643445329339,-27.7081891064974,989.8261369852648
-51.12110410562144,-27.685532814252046,901.9778354382411
-51.13242564241406,-27.682029637489794,889.0460557374768
-51.13020856788731,-27.681835321413594,919.7433226713908
-51.11698941998712,-27.716452460270993,876.8625685717597
-51.132690934759445,-27.68183808695388,875.0799314280392
-51.09889095641692,-27.71767024928562,995.8989280128874
-51.11232202211185,-27.694269958163126,917.20170073013
-51.132690934759445,-27.68182133068196,875.0192525871616
-51.132684229500995,-27.683104372738523,875.3826938441384
-51.132690934759445,-27.681832982071256,875.0863637136428
-51.132690934759445,-27.681820139733034,881.4574304508774
-51.11539649193126,-27.686443860705868,960.6175128793243
-51.12345253702195,-27.685969002233833,897.5160161023489
-51.13033248937179,-27.68689325433382,875.012510840169
-51.120768624069655,-27.706633100895296,877.260589174216
-51.132630635775115,-27.68182039733916,922.0680465910864
-51.12669553361116,-27.687639269994825,941.0073284491723
-51.132690934759445,-27.681820493966576,874.9212348007393
-51.132690934759445,-27.68182042969458,874.8353399801756
-51.12009561069824,-27.687618112898146,898.8966721612439
-51.10130465415294,-27.712145300487922,964.7883946783861
-51.115470022911374,-27.69058785687592,974.8997409196559
-51.09999609912969,-27.70288372568503,995.9660774087931
-51.130279755436064,-27.682541202998955,891.7218912302358
-51.132690934759445,-27.68182014041143,876.4739943150988
-51.10093809664416,-27.71667217476025,900.4575903235996
-51.09940626738222,-27.716925281051104,989.0302715507547
-51.12606752880209,-27.682145485991686,897.4227074836979
-51.10815498615473,-27.697528764832718,992.5918819443126
-51.09911516645904,-27.71765699016261,995.300308806628
-51.13198572727865,-27.682451809958923,874.8806862826999
-51.132690934759445,-27.681839341918682,881.3311143842512
-51.10801269025334,-27.70865231252488,882.4442241791162
-51.132690934759445,-27.68182013946836,874.9603510191696
-51.100861275188485,-27.717629401394987,912.7711425512924
-51.1263426207877,-27.684113764033494,910.1470002569006
-51.132690934759445,-27.681827166193155,879.525250474224
-51.13175692296397,-27.68186478302376,879.7429371781682
-51.11080752666037,-27.709780807199294,944.4691023140396
-51.11810246515304,-27.698500154131775,969.9627832511726
-51.10850785439211,-27.698006732904858,995.9407723913544
-51.10286500061719,-27.71376256513919,939.0757070633398
-51.132690934759445,-27.681820152063445,875.0150512193516
-51.132690934759445,-27.681820413113957,875.3705263731831
-51.132690934759445,-27.681820139355334,875.3476665953173
-51.132690934759445,-27.68207092886707,881.0622698448537
-51.13133106090554,-27.68185323922004,876.1892908520996
-51.107773585683915,-27.699290222795828,934.6549282560769
-51.10724626682061,-27.700577851513227,990.2844609776519
-51.122591398100816,-27.69289108791493,921.1594571261729
-51.132690934759445,-27.6818237982456,878.8191987240218
-51.132690934759445,-27.68182015411758,874.9629924198521
-51.132690934759445,-27.681831544488315,922.4546084372636
-51.09953563552616,-27.716882172425063,994.8932036022569
-51.132690934759445,-27.681826210616652,947.2719881350065
-51.13214509370713,-27.684559291356358,875.0330194969459
-51.123341162289755,-27.706036365484977,883.7719181286337
-51.132690934759445,-27.681820139366955,874.8354724404949
-51.124179269038095,-27.685933538347175,889.6683067000026
-51.10180770414562,-27.70587321416517,995.7270305304493
-51.116146396970656,-27.684157360368083,994.5024102985025
-51.132690934759445,-27.68193661413982,882.1191297023954
-51.126918454001554,-27.68276894688303,976.1276599060349
-51.12181344540199,-27.68213754203307,985.454759580411
-51.10454745177722,-27.691789020833813,994.8620087084173
-51.13114215993846,-27.681876800009977,908.8352293905664
-51.132690934759445,-27.681820152805415,874.8374377494348
-51.12882573416969,-27.6819229968326,934.9833946468984
-51.13218358081263,-27.68216166271576,886.0959540060212
-51.132028613706325,-27.688562016961242,876.2452819154456
-51.13118996312793,-27.682367149907712,992.4070130342398
-51.132325000260394,-27.681821829961354,943.1886147518733
-51.132690934759445,-27.68182024290983,876.1321899869782
-51.132690934759445,-27.6818201508905,874.9164287835274
-51.1177657101685,-27.690527430417625,919.295222118535
-51.12970790899496,-27.690077394021408,878.3599137276568
-51.11463917636307,-27.685969876220238,968.2262891022895
-51.130077391951595,-27.684724656331248,877.3676120734231
-51.107072850797394,-27.68290485397651,995.2306533361526
-51.10379828374481,-27.699930440986897,992.5785025927044
-51.132690934759445,-27.682149917304354,875.8845925883036
-51.12978877365305,-27.68698463156286,886.1239852584068
-51.13130761595995,-27.6860090567891,875.0441786389019
-51.132690934759445,-27.68182670662074,876.8149276559784
-51.124028030720915,-27.694823643503177,970.3093756517504
-51.126843329356724,-27.682696557772676,956.1965323778414
-51.10764266353208,-27.703397737434454,986.9917427534524
-51.10769362306862,-27.715183495130645,954.3398936348668
-51.09946379022202,-27.717758479722225,991.8382351819499
-51.1304076405479,-27.68788266144154,881.4721197530159
-51.10031275904965,-27.716764888290605,983.1609508864252
-51.09923039655753,-27.71763597079006,987.9581277371226
-51.12459632531812,-27.69900736729682,880.2404055313813
-51.12489532220908,-27.68714226807809,956.7016209225013
-51.12790454689492,-27.691973663475,877.0964762577725
-51.125984167457005,-27.687895565272203,898.2488117674072
-51.132690934759445,-27.68183539493039,897.3388308263937
-51.132690934759445,-27.68182273128957,877.2558931372696
-51.132690934759445,-27.681820146893998,968.7879214262501
-51.10917854086342,-27.709381624494497,978.057137455917
-51.125970570616666,-27.686076034301752,880.8720402481989
-51.10860251741972,-27.701166816598054,983.2681038914992
-51.12908332278289,-27.68414750917935,888.2012487513115
-51.11518369605412,-27.7045655910425,898.8375086012367
-51.1239895413408,-27.684075864523653,876.258395996788
-51.13205212280551,-27.682091771604572,876.3354037855696
-51.126933123375096,-27.68392887487281,906.3062166505449
-51.12824102407636,-27.686776762352967,875.730977065521
-51.132690934759445,-27.681820139445428,886.6260032615677
-51.132690934759445,-27.68185609979998,874.994902516378
-51.127767144153054,-27.68222709971005,880.3753082601211
-51.12592367483663,-27.68753988348599,877.1279845063885
-51.132690934759445,-27.681820164685465,874.897340836033
-51.1294809071728,-27.681953332794613,890.2283499082508
-51.0994961397507,-27.71769812120063,991.9362921280837
-51.122936902140566,-27.693601641318438,898.0454803276648
-51.12248140355303,-27.696470560033966,902.9519665100307
-51.12944978625988,-27.683308309783314,888.1372675129345
-51.1325244806151,-27.681855226728565,880.3823179731187
-51.128647325625145,-27.68185756209094,937.9566351542406
-51.11776995978765,-27.683798030817126,994.9230096628318
-51.126715796498715,-27.68212051625319,921.7120361478194
-51.099535157378526,-27.710300014695594,995.8573534366278
-51.132690934759445,-27.681820142515516,875.080590632022
-51.12709080501366,-27.68406907584984,961.1834791629758
-51.1039182775589,-27.711339029217847,995.9668581906603
-51.132690934759445,-27.68182015417682,876.9509155433741
-51.132690934759445,-27.681844172871003,875.4444466831543
-51.117006248059475,-27.690152463033243,983.1009559613465
-51.132690934759445,-27.681820174679046,874.8468807707536
-51.130847800622504,-27.682576467423733,877.935358751251
-51.09970146243007,-27.71756558788896,960.2010331640281
-51.132690934759445,-27.681820715542354,907.5734826198703
-51.132690934759445,-27.681820827555086,884.729678711803
-51.11522031370707,-27.692199408687426,880.041614288266
-51.131979837471675,-27.68317419960566,874.838147540169
-51.12230827538869,-27.69451928583654,890.5500475074474
-51.101422460093076,-27.71642716854552,929.7670574563333
-51.132690934759445,-27.682022676178605,879.379083985935
-51.12302606902446,-27.682387721594054,994.8252588005762
-51.113661302478725,-27.696881582828272,893.9072942681771
-51.13233434757879,-27.68184546186317,933.8828431117813
-51.10091788580825,-27.717210464813082,946.2306375053813
-51.132690934759445,-27.681820139370902,875.4932415126868
-51.12660989635536,-27.68255128191199,929.2426508386424
-51.132690934759445,-27.681827046479434,884.7791469621701
-51.13165906793194,-27.68190540298897,949.4532052309617
-51.10424839054238,-27.714647762663507,994.258182040824
-51.132690934759445,-27.681820140131773,885.8185405165825
-51.130344323107266,-27.682941261636792,894.7359998001865
-51.11960301045519,-27.701534856418625,878.5748595460598
-51.13120849325643,-27.681897186847536,900.381859923529
-51.1307800990334,-27.682068307492685,946.4066530798099
-51.11298964138606,-27.69030123596696,992.0263973384231
-51.12135499223362,-27.702884907349492,961.2263851015051
-51.118165914754755,-27.691293358246295,891.0724779922856
-51.11337499214712,-27.69092345226985,967.9781923090782
-51.132690934759445,-27.681820146137966,874.8352185512618
-51.13075191842347,-27.682590826190808,946.6007522744743
-51.105349273063474,-27.717267790466153,975.1987498400629
-51.11504853631624,-27.68617742747751,965.4466116517214
-51.12754649935009,-27.688316913276598,882.4114348000021
-51.132690934759445,-27.681826680362615,878.3082921955095
-51.128474405221375,-27.684786588298124,878.5655211295718
-51.12542983916769,-27.687184906518752,913.8717838301394
-51.13093491443474,-27.686398921914126,875.3684700902076
-51.130979513507015,-27.682941397660596,942.7041900100472
-51.13071249383276,-27.68684782631209,895.4134533250644
-51.12701762001552,-27.683397097950834,892.7309223136109
-51.132690934759445,-27.68182013935187,877.1716752813056
-51.132690934759445,-27.682051854443802,916.8713868212188
-51.119186562773905,-27.683475826176522,900.8580304935822
-51.120087437703525,-27.685852706217936,936.9156272849172
-51.132690934759445,-27.681820139413198,874.8993810579977
-51.132690934759445,-27.68182147154192,874.8489774815749
-51.10687507831745,-27.713828330041874,897.1817852716944
-51.10713975960144,-27.692067689972358,990.668251839975
-51.132690934759445,-27.68208078117783,875.7041478969576
-51.098845438485824,-27.717832412817092,995.9574866299527
-51.09895315161458,-27.71783757848154,975.6680858213783
-51.10120884815722,-27.709624269825994,972.4695193784182
-51.132690934759445,-27.68184675571144,876.3757122934874
-51.09952965112571,-27.71747787943189,972.2271103132674
-51.132690934759445,-27.68182013978517,875.0795751528411
-51.13022783976717,-27.68374732667738,888.2278359265201
-51.132690934759445,-27.6818201487448,875.0386590362485
-51.132690934759445,-27.681820139349963,874.8356276220287
-51.132690934759445,-27.681820139443374,874.8477198358205
-51.132690934759445,-27.681820139891276,877.15260185593
-51.13225094214941,-27.685361686452563,876.217428323924
-51.112238638633286,-27.701237168001313,953.1898995443847
-51.132271942665504,-27.682174521974755,881.629137818335
-51.1319616099773,-27.681830505512277,898.952635370734
-51.11867178577925,-27.685279080385463,955.2539545640559
-51.10464886823524,-27.709870327826323,969.220771052318
-51.132690934759445,-27.682006611323217,875.8234299544933
-51.10172983972752,-27.712767330634197,995.8162234576399
-51.12135321998849,-27.700442056149136,910.5799667573758
-51.132690934759445,-27.68182354855026,893.6173126321414
-51.132690934759445,-27.6818201422605,874.9321601309799
-51.132690934759445,-27.681823482391973,882.0806075821608
-51.13158930057425,-27.68202245654817,891.9031912902657
-51.132690934759445,-27.681821811702374,875.4066705177887
-51.10718049444189,-27.69641049645569,995.0022084327699
-51.12615272030902,-27.690130357564374,891.5901616479471
-51.127521178489914,-27.683605825526836,922.1898390045503
-51.130109637548415,-27.682348570248163,959.333360789006
-51.132690934759445,-27.681842886492245,876.7756056617709
-51.12578847307027,-27.68402880927538,923.9286549867892
-51.132376639902425,-27.682083389848643,875.858841738841
-51.12221664787217,-27.688357351285802,913.822225641675
-51.131764411853936,-27.68182852798179,888.1741594930281
-51.132690934759445,-27.68182234445345,874.906890301278
-51.104752547303335,-27.709578652059616,989.6397454328135
-51.12119072530185,-27.708114533807876,926.5025514955457
-51.100199442366154,-27.716938695863842,995.1983985502246
-51.130355657868975,-27.682295048784056,886.0245384884785
-51.11368643484242,-27.707501457682227,877.9415745947545
-51.11018364424448,-27.694073165441598,993.5678061266979
-51.10865061962593,-27.69831974102615,995.4361560105374
-51.101488750749915,-27.712653305821295,992.8607242859655
-51.11218011643133,-27.695215548196455,959.2232282685654
-51.13104961889057,-27.681963585928255,903.5507752056026
-51.13207605276155,-27.681908771570342,887.4553499142969
-51.104936626760235,-27.710077591911688,973.8138746063715
-51.130639247503765,-27.687845158025894,883.9459859824922
-51.118015463577,-27.703446399373675,879.2844796581154
-51.132690934759445,-27.681820241699146,874.8385109033466
-51.10062834392491,-27.716617481833016,995.4780959334349
-51.10083663176362,-27.708318793962984,995.0646470976363
-51.132690934759445,-27.681820139433594,874.835101498428
-51.099196456832395,-27.714224319050405,995.5649048717104
-51.09897724230977,-27.717502983147067,995.9591965165642
-51.132690934759445,-27.68182029079779,875.8000374919765
-51.132690934759445,-27.681820142109725,875.4139655501476
-51.132690934759445,-27.68188913460665,874.8534674258614
-51.09956016550962,-27.71675456567289,986.0189926786013
-51.1319592778374,-27.681872638440634,936.7183114119434
-51.098845233978075,-27.71784373695541,995.9692151561734
-51.1150016331756,-27.68400567421497,981.9804535625038
-51.124392509339145,-27.685004898461266,957.1431332565302
-51.10131365046586,-27.71162068191019,994.0548085638467
-51.115288057056475,-27.687368612224983,890.3661680523797
-51.132690934759445,-27.681820164353944,874.9646799747877
-51.132690934759445,-27.68182015617828,885.818286712317
-51.09898844459218,-27.71783242896688,995.6065692059201
-51.13151045386291,-27.68232772750739,888.2788608895969
-51.130163351150955,-27.694189767671855,889.8330897767229
-51.129215229213145,-27.685306413841985,950.2998852568187
-51.13113890159804,-27.68482331642746,883.7198649913539
-51.11105718341704,-27.699582343271395,909.2208994386981
-51.132690934759445,-27.68182013934986,875.8565285841672
-51.132690934759445,-27.681820149704745,875.5494685297391
-51.10972656630229,-27.709765585274557,979.749325511405
-51.132690934759445,-27.681820139349856,874.8421322202803
-51.10689698982565,-27.701831142589576,979.642870559337
-51.11410198089088,-27.68960039217041,977.1464584611613
-51.1066284908752,-27.69036890290504,987.8905240028638
-51.11668437726404,-27.689135134763667,974.019981372733
-51.09910691508957,-27.71730155428429,974.2627870065716
-51.10258018806868,-27.716339194438476,935.6138065873224
-51.13050321871204,-27.683529586049882,881.6597727875773
-51.12497225231644,-27.698882916541194,874.9978660258604
-51.09945410244795,-27.716731308034273,993.9203158677616
-51.100767460426304,-27.71658455313468,990.5633236989227
-51.132690934759445,-27.6818221073198,883.9652941128456
-51.09918827504347,-27.709757807110407,995.9523231322985
-51.132690934759445,-27.681820851825876,885.3852850586377
-51.132223485574364,-27.681993671285653,906.8963868616327
-51.132690934759445,-27.681830920143682,916.258532968967
-51.11739341949956,-27.693897019375893,876.2115889101705
-51.098905835403926,-27.71727485014064,995.9645472535657
-51.11348139671179,-27.705501327601617,965.9613975802367
-51.10183054808361,-27.716337874613263,947.285840590249
-51.09884059663736,-27.71784453124215,995.9642356804525
-51.09920413827255,-27.717420585784062,962.9463088343525
-51.104170165223,-27.698047557529105,994.6015522934405
-51.11073945323765,-27.70063874047628,894.5383798111405
-51.09954691828545,-27.71731859628379,989.6221381239463
-51.132690934759445,-27.681821910463025,876.7289138031659
-51.09925552772866,-27.717757695219547,981.4628094765651
-51.13263695218427,-27.682463550809267,876.4121190441942
-51.132690934759445,-27.68189212823361,878.6651440082926
-51.12732220354603,-27.69225405304239,893.8776567536653
-51.130718577417746,-27.68385539760288,883.4187612176609
-51.132690934759445,-27.681820199718267,874.9458363546448
-51.10383957346579,-27.70769749285539,992.3572678485741
-51.103208523219166,-27.71452306881089,928.127234746289
-51.10363616852817,-27.698513285303626,980.7272843497132
-51.115509383455034,-27.687016039141994,904.6081507125884
-51.1319618240496,-27.681921292904764,877.4896279114542
-51.12605693361075,-27.681841712811103,980.1651130360777
-51.09958882511203,-27.714189708313935,995.5178818714941
-51.13185980249727,-27.68285948999967,896.8096345245701
-51.12682482091491,-27.683859493205198,883.2568580843614
-51.132690934759445,-27.681826031040153,874.8440966888647
-51.132690934759445,-27.68187925006492,876.2756093712944
-51.118868008172555,-27.681957695374994,937.8429831010401
-51.1295050640832,-27.690689921435652,878.9398676912558
-51.13227025136445,-27.682402163190478,874.9397300429423
-51.10786599604947,-27.71360132486324,950.6972157223007
-51.099386663969774,-27.71737109480229,950.8039348162919
-51.10394280542794,-27.708207602022778,995.8717024229796
-51.098867991429394,-27.717837049145913,995.9598917035015
-51.11627727797324,-27.684169698814127,963.9116557589754
-51.12993409336183,-27.68302324357489,874.9817670443674
-51.13247312721344,-27.681821088499632,899.4366448229235
-51.132494788428225,-27.68480929508501,882.7387721462843
-51.10104917300979,-27.71621686160721,974.3407185992219
-51.103498411226404,-27.69489625432022,992.1978190399452
-51.130991006665774,-27.68211352194998,956.8047120165203
-51.11838498933843,-27.691635130287512,928.6122204080824
-51.13118366834014,-27.684137643482778,890.6849482114934
-51.132690934759445,-27.68197441967588,875.6356001150862
-51.11846086899367,-27.683630964449826,879.8173449277816
-51.132690934759445,-27.681823016780488,884.0855695583426
-51.13140926298327,-27.681875450297724,887.9667412611906
-51.1049213746774,-27.71524802546049,897.4164480402084
-51.132690934759445,-27.681867006469705,878.6839403018738
-51.132690934759445,-27.681820644575172,892.9132162087868
-51.11968603333908,-27.691750664771348,954.6589408121758
-51.11078494794584,-27.688068685429855,965.2656162195841
-51.116019484270865,-27.684403844358233,950.9209891933126
-51.103606940580775,-27.71335373468513,966.9926773395149
-51.10833480123712,-27.700374525468572,994.6477565795485
-51.125452223274294,-27.708147869573935,910.3973681471329
-51.132690934759445,-27.681820139350595,874.8533465232387
-51.132690934759445,-27.68182857081035,876.4287048229693
-51.12983186010546,-27.681822518429584,891.5953690397445
-51.13062267289876,-27.682214401490864,916.2556989054999
-51.107116589315254,-27.69201020351571,993.5660836606969
-51.126823735191756,-27.68419331398857,915.8079697190733
-51.10998807915074,-27.701486456140977,963.2201568646705
-51.132690934759445,-27.68182013934983,874.8351112939096
-51.129911477517226,-27.683097387872962,885.2204166542411
-51.12925146167052,-27.68326119086364,919.2308602169715
-51.132690934759445,-27.681820139349956,874.9599459185646
-51.1236265562149,-27.687226301180647,957.3179259897166
-51.1121828777784,-27.70949164326737,953.3347086110884
-51.132690934759445,-27.68182649367432,907.4038758591485
-51.11007154078867,-27.70040496278201,953.564005978787
-51.132690934759445,-27.681820147897334,874.8394521035071
-51.10161441320046,-27.71669818765923,990.533446893421
-51.110958703863,-27.702878983643927,980.736087325332
-51.132690934759445,-27.681820445934232,881.0416101079423
-51.123720671401536,-27.682263971919486,891.7703746143764
-51.128502732841156,-27.68940560973549,893.593149740694
-51.12538441915856,-27.682169380443355,908.6435280602675
-51.100529769989436,-27.708359720717787,995.8371510000799
-51.10912097976812,-27.714748496432595,905.8302910789529
-51.11867523012969,-27.70676558020687,898.7873046293934
-51.126203388698386,-27.683518786131994,931.6124256620403
-51.100669398283266,-27.715604973350967,994.8205552997207
-51.132690934759445,-27.681820143958653,874.8894244217965
-51.10504323265144,-27.70646880485726,994.7637013530388
-51.10821605359516,-27.693842228733022,966.5744216091263
-51.132690934759445,-27.681820158822184,874.8351764002726
-51.132690934759445,-27.681820334909304,874.8380544275536
-51.12432548846683,-27.69504840484569,888.5254009198719
-51.1133226613181,-27.708672168456662,920.9982077793633
-51.11862291184596,-27.685927885832985,915.08351409981
-51.132690934759445,-27.68184782160635,877.6875554041444
-51.132690934759445,-27.68182921445701,874.8694809815747
-51.132690934759445,-27.68184263998423,877.3156887842125
-51.10678432479119,-27.712348727046983,968.0668728306853
-51.132690934759445,-27.68182014029806,874.8351029540452
-51.126748998593605,-27.683302420828937,922.6472950653541
-51.12167792821759,-27.6907064772202,929.5468041269761
-51.124722290182206,-27.684173515442428,950.5750881657557
-51.118020140516336,-27.686933391524008,900.8401742104177
-51.09884203154316,-27.71783459978101,995.9724307774692
-51.11700822393017,-27.681957812030735,993.5140770719695
-51.12885872317102,-27.681824269506855,942.0599623701676
-51.13217009401067,-27.68183115742463,875.3275192536718
-51.132690934759445,-27.68182013934983,874.8351034618782
-51.13225665842136,-27.681912041505125,881.174740249435
-51.13227453387836,-27.68195025085593,884.8186698719434
-51.13204197397102,-27.682080054036483,906.5685881544393
-51.1251052439912,-27.681942525832604,985.1416651420143
-51.1311708047164,-27.68186745550925,897.6524499391451
-51.126565939422534,-27.68712664562855,886.9120923653975
-51.12792776178581,-27.68259335863727,885.2254639712118
-51.11480286849367,-27.702065354784782,994.3131001508696
-51.132690934759445,-27.681850760504222,874.8372199323671
-51.1109847789344,-27.685855122051052,980.5473528354886
-51.12389827397316,-27.682767121235955,894.029047896512
-51.10147539355131,-27.71715084542577,929.6418165651073
-51.132690934759445,-27.681865298370003,878.4540606438983
-51.10154419289631,-27.70775776529911,995.8303635065304
-51.12944950390887,-27.681902320564845,981.5435627982908
-51.132690934759445,-27.681830309489467,908.9943012034837
-51.130881319432824,-27.68182959796436,940.6092785792182
-51.132690934759445,-27.68198881831064,880.1692146183763
-51.132690934759445,-27.681820146185284,875.0785890695636
-51.1275889710661,-27.683090186765224,892.4166322781446
-51.13165090918832,-27.682828548320483,875.240241041512
-51.132690934759445,-27.681847673162803,876.2631329957179
-51.125394869824156,-27.691418782065107,876.0154344565228
-51.11610445138872,-27.693505281098144,990.5685667594424
-51.11010251430143,-27.71450008463019,993.3634364247412
-51.132690934759445,-27.681820262469977,902.5520304507107
-51.11457038725943,-27.68596949828079,934.5431250505784
-51.12428663941687,-27.69012788860403,880.888243726792
-51.110010806400894,-27.713585289335146,980.2718935459918
-51.13038690837271,-27.68207815876256,901.8353312232824
-51.112353012924025,-27.696242752845976,907.3208906327773
-51.132690934759445,-27.681845088160273,909.325660194773
-51.12064068445235,-27.693712251987442,926.1534145682062
-51.132690934759445,-27.681820145857483,886.2871026462891
-51.13229635438092,-27.684675498985506,885.8421521609235
-51.132490740149,-27.68207373945758,888.7525814357614
-51.11334420861869,-27.68694068096828,975.3028228803776
-51.12467966706181,-27.683574982087084,968.1904688966616
-51.100332977656535,-27.7160503838953,992.5762469016233
-51.13156279713393,-27.681850763488697,895.2948113683002
-51.09917091963493,-27.717357746006325,995.9746830440909
-51.13242173463323,-27.68213478360746,888.8644815405705
-51.10485631399485,-27.707933353275198,995.1485972546216
-51.121370276356174,-27.699390683230995,903.3257871653631
-51.132595189390535,-27.681822580871252,978.9380531398087
-51.12262586800859,-27.689040417374123,944.6126466002406
-51.129093570066544,-27.682348017798237,933.7008130244841
-51.12764088120755,-27.699443965546376,923.2427070993963
-51.10221833686653,-27.707092101608094,989.7095936351842
-51.118403836186545,-27.68451997065456,899.8197921509236
-51.10688290779558,-27.701179375377578,947.765906673556
-51.132690934759445,-27.681821894361644,889.7623693873488
-51.132458017168055,-27.682647213479243,877.7566484055409
-51.10372271870984,-27.700255285447348,991.2542899723423
-51.132690934759445,-27.681820225736725,878.6275768681687
-51.11917206146793,-27.70319232260839,875.908456877904
-51.12957094784744,-27.68336341140361,918.1861601691032
-51.12827604370583,-27.683644195774637,937.2066826833664
-51.10937459592457,-27.69293647128761,994.5546370602775
-51.09939947789589,-27.717622418978728,995.8889928168409
-51.1126598476693,-27.685168487081686,916.1400596852822
-51.13241810153182,-27.681821601122007,925.6978228329401
-51.132690934759445,-27.68182126287295,875.2124973241172
-51.132690934759445,-27.682126616316513,877.6269688366131
-51.10699974535805,-27.701527466183496,980.5194193965572
-51.132690934759445,-27.68182070248469,913.5835573851986
-51.11276897541577,-27.700255194928012,904.0891731059801
-51.132690934759445,-27.681820140587927,875.2821171631883
-51.09943114383923,-27.717561715617883,992.9245989778058
-51.130247934954525,-27.681878407652988,925.3920283389167
-51.12390159641161,-27.682295120652654,983.4023220959701
-51.13028421609615,-27.68204314798319,946.7529452538732
-51.11501503989932,-27.682169128571477,991.6376186053125
-51.108749854300584,-27.70919796371243,991.1855945369787
-51.107564747378255,-27.70064832523752,904.7902235912901
-51.132690934759445,-27.68182013962689,874.8356712002847
-51.10803907769976,-27.69217070415592,982.4700252465154
-51.10004710028578,-27.70670158417343,994.2992597934503
-51.119198532098494,-27.70402724021029,914.1535990351754
-51.11171372308106,-27.69797851857064,987.7249159395384
-51.10182502814319,-27.713308332345125,992.9527978353855
-51.10972176368339,-27.701942826247148,979.6345878306415
-51.11074514938894,-27.69415245489317,983.2388751440205
-51.132690934759445,-27.68182013935224,875.1647672680914
-51.100622924373866,-27.714953738625162,991.6643042622945
-51.11766170836675,-27.686443179769658,988.0325698763429
-51.1284864505786,-27.688205920523508,878.7487446204552
-51.132690934759445,-27.681820140015162,878.762059583095
-51.13102878838338,-27.69607387917823,878.3332571963787
-51.129257000930494,-27.684416720958957,883.5130895940655
-51.132690934759445,-27.681821036549156,875.154457599891
-51.118212554558305,-27.68871240108353,970.2449666965274
-51.108935671949496,-27.71651584296236,917.0007854391101
-51.10773107478958,-27.712409936438203,921.4393503317539
-51.09940931014842,-27.716901599819526,987.7732391004171
-51.1285103610827,-27.690028703018363,893.6952876543917
-51.12149591937656,-27.701097004362286,888.3138931939477
-51.098897673426585,-27.717814720510983,967.7520682085978
-51.098870414520114,-27.717842947129093,995.9032736289416
-51.132690934759445,-27.681820373098194,883.2033303289704
-51.11669680260368,-27.68235974081476,995.2815253717606
-51.132690934759445,-27.681822460445662,876.2764128659456
-51.132690934759445,-27.681820603459176,874.8587930888596
-51.12946751204698,-27.681928683526017,884.3489699945362
-51.132690934759445,-27.681852235108686,879.9642648178994
-51.108023511070286,-27.69018615882994,988.6880089391638
-51.110307977372635,-27.68781096231963,984.5881454980579
-51.132690934759445,-27.681835198109553,881.6319918153301
-51.132690934759445,-27.681820593157344,877.2215216237072
-51.12645130285561,-27.69238833618832,887.7445405572398
-51.11624182230231,-27.694760653483876,897.8028824671195
-51.132690934759445,-27.681820139405612,878.9510629663854
-51.132690934759445,-27.68182013938231,881.6197576889797
-51.132690934759445,-27.6818202229441,878.5424321051448
-51.12940875686128,-27.682299619770365,885.5422962989998
-51.132511710428645,-27.683317324269787,876.7240317120871
-51.10549463806308,-27.701125969241154,985.9306925524573
-51.13089160935536,-27.684753548283595,881.9229444684755
-51.10931586979391,-27.71202322983333,969.6750776040012
-51.10184148075152,-27.715417779088938,992.3833234473847
-51.132686341661696,-27.68185058116119,881.0081540372195
-51.131940972468264,-27.681852601461834,915.9443437350146
-51.11264549084434,-27.683037111919813,993.3336088160647
-51.132690934759445,-27.681822418224016,889.7775390677531
-51.132690934759445,-27.68182013940143,874.8354989021997
-51.132690934759445,-27.681897059997198,874.8708156035617
-51.104392259431776,-27.71024297286845,961.9837263648878
-51.123685037674626,-27.685026578570767,924.1572004853122
-51.119089355658325,-27.689418897258797,970.1600145578559
-51.10714910035948,-27.695546379577806,979.8282807818183
-51.1222756492524,-27.70386871562162,933.8250902988304
-51.10837529595068,-27.68883158243037,984.7259676186986
-51.132690934759445,-27.681850829454056,878.9815307336953
-51.09893115739562,-27.717755595617845,995.4033599514636
-51.132690934759445,-27.68182013935176,930.5951128154151
-51.1157924191322,-27.701604883632484,903.4514336440955
-51.132690934759445,-27.68187817256959,875.1853362330089
-51.132690934759445,-27.681820210104483,874.8937828731317
-51.0998101792618,-27.7164912198525,992.3269828960417
-51.13188846770197,-27.682278406630136,876.0098025130039
-51.11105551671965,-27.688945470506223,995.2014908217129
-51.132690934759445,-27.681820139350425,876.1419256075977
-51.132690934759445,-27.68182014138132,874.8351727980744
-51.124256092915246,-27.687447096410768,922.0649870907594
-51.113184041491955,-27.689109795021775,989.8690619036215
-51.12725316143012,-27.689388401058068,969.2111605074455
-51.132690934759445,-27.681944824477146,886.1995999895926
-51.12802154026362,-27.68209065069379,975.1422882048646
-51.10503341671623,-27.712976851891593,964.7064728000082
-51.12288221776113,-27.694663063177234,885.2703129002243
-51.12191955628805,-27.689156589821454,957.5924612022275
-51.13240374024862,-27.682014455409274,903.3602677103963
-51.125394979095894,-27.682519320832775,921.0364675126
-51.13260319733718,-27.681853184454415,874.844457248223
-51.132690934759445,-27.68183405967287,874.8430173247618
-51.12484973311559,-27.68889973433981,879.5561848481577
-51.12988971292532,-27.6897462972377,877.8831079922843
-51.09930915771275,-27.717537981613063,995.8958341539621
-51.132690934759445,-27.681820142507757,874.8421900754988
-51.100058201227164,-27.71437145022126,991.6717865963236
-51.13225922709653,-27.681881567969636,901.7793542909016
-51.130956650470374,-27.68189820939571,876.4656691236871
-51.12640162251789,-27.683123327715375,875.8135889069233
-51.132690934759445,-27.681824479796553,874.95480072719
-51.1154273906679,-27.70629811152226,876.4120641447756
-51.12692683424594,-27.68198641359374,967.6185948078702
-51.12403671259228,-27.701738837635286,902.9483709737907
-51.12412749373613,-27.683312673282497,897.1579200239067
-51.10756577637152,-27.70483353118985,902.0102651284917
-51.132690934759445,-27.681820140667742,875.4245021937071
-51.11554721806372,-27.698801974785844,965.8140161068509
-51.12783192255914,-27.682787795484174,908.8515860585572
-51.10353175830919,-27.707692926324306,987.6212762516859
-51.11111414679834,-27.69986492378563,978.9418188302496
-51.132690934759445,-27.68183532232116,892.5150746326501
-51.12838073771112,-27.683835184315562,955.6628188052732
-51.132690934759445,-27.68182013938645,874.8372913173878
-51.132690934759445,-27.681820243644687,876.6368236495558
-51.11104528848678,-27.695085044825106,939.1904153357568
-51.102294987664465,-27.710234778243148,995.8661972107424
-51.13268872702681,-27.68182172203795,899.0158589383897
-51.132690934759445,-27.681825050104997,892.4146692102296
-51.12939238651867,-27.681895974590155,890.0353337974926
-51.13154381700678,-27.681922680173482,888.8462327581216
-51.132690934759445,-27.68182013936065,880.5671503306934
-51.1269619420139,-27.69043338440277,927.9886010356062
-51.10469807114156,-27.709374945512813,990.5482340466104
-51.10867472466899,-27.692628298992403,959.181340974419
-51.12924717745395,-27.683991384452046,877.9695958058983
-51.131019042621844,-27.68225152225453,875.4303018607076
-51.114737501389214,-27.695535676620963,954.5917321798423
-51.13238002063169,-27.681854541361307,886.7926113167931
-51.132690934759445,-27.68195676241822,877.8734628238547
-51.132690934759445,-27.68183791819297,875.6286469312241
-51.132690934759445,-27.682161890690224,874.8734614868624
-51.11994196601972,-27.682120771965327,966.0278715056616
-51.115820188651206,-27.69066880610108,911.024904446167
-51.11171210520664,-27.713914056313754,910.2553659158752
-51.132690934759445,-27.682026821471258,876.7352601223555
-51.12891769179169,-27.685616915477457,891.635908657716
-51.12997954652754,-27.68216750396491,985.7226150283079
-51.10036569081534,-27.716307350737512,946.8360342497275
-51.1186328659644,-27.68379376354866,887.2677151621862
-51.12804216717917,-27.681846095008975,973.5455498657512
-51.13123572925056,-27.681846505751786,973.2960518701825
-51.13175365883439,-27.681821758063933,975.4437095207722
-51.130867253645015,-27.681980076736583,883.7576220569412
-51.132690934759445,-27.681851856168777,875.1088523928217
-51.10416936452625,-27.705676128326367,991.5409668286421
-51.130389119700524,-27.683318848866765,880.6895813207639
-51.1115168661357,-27.701801240422096,881.111277987113
-51.09948008216123,-27.717248611357054,990.258719264922
-51.132690934759445,-27.681820142238845,874.842326241477
-51.12667489785893,-27.685376009689573,882.2614363346324
-51.10578587802224,-27.714891475810507,901.9551134529383
-51.118331626328576,-27.69427886424803,880.2892129878983
-51.130838690790156,-27.68209388016683,920.1549973784417
-51.11869910026507,-27.68552994303738,995.012789309306
-51.132690934759445,-27.68182014077357,874.8576967905028
-51.12689360279026,-27.682172441142946,965.924193255271
-51.132690934759445,-27.68182015023431,874.8937943318043
-51.13228053470749,-27.681966901080457,878.9077945036497
-51.129789436255805,-27.68918587016341,875.9067849151214
-51.12463415016387,-27.683741520315657,972.6090667268867
-51.12544622072006,-27.68426156609564,980.3928641739768
-51.0989144748642,-27.717831515400196,992.2375897250204
-51.104046916546096,-27.710075276874676,992.7463619492357
-51.10567468086199,-27.703923347266674,990.6467090638189
-51.12255400579454,-27.687499243852034,967.2087427972416
-51.124299353518715,-27.681887096752153,987.5051358129818
-51.13040415951721,-27.682154114703025,886.4752561906157
-51.12641112594955,-27.688343289059368,890.764972269964
-51.1208713246142,-27.696859887399263,984.6558406404324
-51.11063407965745,-27.693100841142794,994.3879676077122
-51.132690934759445,-27.681820252584785,875.0379527063126
-51.124541535117906,-27.687674720346454,910.758179441565
-51.132690934759445,-27.681830966523233,874.9917302525196
-51.13137159073644,-27.682569561211416,884.3713079269808
-51.127501708955684,-27.69306915522247,875.4613005077505
-51.12986647761864,-27.68385312203633,881.4710100125126
-51.11996737895782,-27.68650078308215,967.9467843052935
-51.117291185849794,-27.68437644426481,888.3601537364516
-51.120982697395824,-27.690328987098585,987.2754142388219
-51.10517376512177,-27.70620593049918,992.3597985683404
-51.128526117724896,-27.682371530081255,894.890172534002
-51.1104360699461,-27.698190463946194,937.0237972020619
-51.13266604313397,-27.681824851175914,887.2708298487404
-51.12945230846701,-27.682769576259513,885.0382952882217
-51.12381024647466,-27.685503157961257,977.6210538281183
-51.13225932190311,-27.68254647607046,875.0734397870408
-51.132690934759445,-27.681827392141088,891.7172195145192
-51.132690934759445,-27.681820139707703,876.5172028257721
-51.12722368889602,-27.687496680590836,895.1870209687136
-51.132690934759445,-27.68182578401289,875.0211277058097
-51.132274292345784,-27.68223778664801,877.8896664330512
-51.11378088191552,-27.686749591174657,944.5964046052115
-51.132690934759445,-27.681820139435494,874.8356017308553
-51.10921768521375,-27.69646319565548,979.5839120292271
-51.12602919229251,-27.682327942859814,966.7398469680604
-51.132690934759445,-27.681820181359576,976.8886481870927
-51.132690934759445,-27.681876614076955,888.6253118540128
-51.129051776030444,-27.688742000974997,874.9849905520355
-51.10838210772948,-27.690666323436737,979.5191921028453
-51.132690934759445,-27.681820139350222,874.8588570684425
-51.12340370260611,-27.702466569072456,912.7296425848072
-51.1044413741592,-27.71516542376789,989.6058246952035
-51.11485422380971,-27.71315317310193,953.3589358703988
-51.132690934759445,-27.68182112391006,912.6709213581693
-51.12532609803143,-27.694083300583014,901.5431453369223
-51.099149065861255,-27.71641400429271,995.7331504928725
-51.13114247418517,-27.682189241358188,897.37828671355
-51.11870704262654,-27.682613359104284,995.1825008189101
-51.132690934759445,-27.681820217260874,877.8973407211735
-51.13222003836503,-27.681870892264364,942.3967101827214
-51.11973126176701,-27.691880602524655,955.6768975288709
-51.13085598147259,-27.701557161047518,875.3081920047646
-51.101081771242654,-27.715543590541515,928.14045963442
-51.101371682192855,-27.71711724196221,936.4875733430194
-51.132690934759445,-27.681820146684508,874.8383496253394
-51.11749917204831,-27.71090286930768,897.1495276497569
-51.132690934759445,-27.681836999090514,876.1165403154874
-51.100974157247116,-27.712801827056868,984.4242898657731
-51.118268281615165,-27.687403265141132,917.1576492938523
-51.132690934759445,-27.681822528480197,874.8390507651983
-51.132690934759445,-27.682029506234695,874.896949706338
-51.1304497518389,-27.682834671558826,890.6474595835534
-51.132690934759445,-27.681827679631624,875.7915250496742
-51.12686306000051,-27.683183654487927,914.7253456204974
-51.124905082534994,-27.697490326491927,905.6947540507846
-51.105070322818975,-27.700635262122912,978.5725799434719
-51.10296476766618,-27.7105273261026,976.6765769654833
-51.12522408159621,-27.683207748645195,955.6354317785365
-51.11177896082593,-27.695575697723218,977.6141736597015
-51.12632285730227,-27.684163012518198,974.080353325505
-51.132690934759445,-27.68285205249977,875.0824622834845
-51.107405484376166,-27.701116688583635,981.9212073577779
-51.131904207568844,-27.682705678196342,908.0609762963412
-51.132690934759445,-27.682113892458787,876.0935083044949
-51.132690934759445,-27.681984366191056,875.2454629747489
-51.132690934759445,-27.681821652084842,874.8361718937786
-51.1054675760111,-27.704431313615416,987.10854238013
-51.132690934759445,-27.682130627879168,876.643955252653
-51.127047058219446,-27.695300297182857,912.7742312426866
-51.12765875558233,-27.682289331259792,906.5645954996924
-51.099434391528725,-27.717755617316524,993.4615963574237
-51.10186654867298,-27.71187174550366,974.7243018875666
-51.12504024191613,-27.682251587490384,973.0651149747823
-51.10526043904817,-27.717067417873796,963.0981178497306
-51.10988199287973,-27.690165542405808,994.441409783905
-51.10057417493015,-27.716185773413162,995.0343720427343
-51.101235773130156,-27.71425398502666,957.2795753573489
-51.132690934759445,-27.681820668990863,880.0468700662631
-51.130938139011114,-27.683531048926636,889.3555085541292
-51.11770219278029,-27.692026580930104,882.8586035547487
-51.100330437928015,-27.717512478979163,975.0616691906222
-51.12948586311337,-27.681831951886178,888.8520590380704
-51.132690934759445,-27.681820780281537,882.0467122652461
-51.11732002444602,-27.68917777894388,977.3231902834618
-51.132690934759445,-27.68182031379059,874.8483303743053
-51.12149899722006,-27.68604372908421,945.3082087445147
-51.129441924405974,-27.685886403041252,938.326314801104
-51.11934472096136,-27.698551887294425,906.8742958710902
-51.1223626485645,-27.69085307025866,965.1208461627665
-51.12741277418443,-27.689955424651433,878.2412712252241
-51.099706153659184,-27.716684577963406,990.861806646089
-51.10636567108105,-27.70025218427937,977.1424932683653
-51.11446588808447,-27.688447386512763,989.1945368398584
-51.132690934759445,-27.68182157154533,874.8351063181756
-51.102530378547016,-27.706210051333404,988.1785166864395
-51.13122091344055,-27.681834673264365,899.4050378273396
-51.132690934759445,-27.681884343227257,878.3399269617056
-51.132690934759445,-27.68182028572294,880.998464565535
-51.105527726693374,-27.6869915943365,991.5526210481154
-51.132690934759445,-27.682148335381566,874.8529452106884
-51.10711420466579,-27.703203156056396,892.7615561865828
-51.132690934759445,-27.68182013934986,874.8351017996425
-51.1157207225143,-27.71118617103548,927.6345679777148
-51.132690934759445,-27.68182013936426,879.903732441129
-51.099124467924106,-27.717565404187045,984.0939387020869
-51.132690934759445,-27.681847226668292,916.6708892217254
-51.105645448561745,-27.69464996928803,969.3123677058426
-51.11020839611393,-27.692571287934097,905.5851308532475
-51.132690934759445,-27.681820190504247,874.8817993706881
-51.10468041592617,-27.709979540656427,981.3201922350856
-51.12897207841569,-27.682458197885317,928.8218820539432
-51.132690934759445,-27.68182016936998,879.8067482353086
-51.132690934759445,-27.681820163097214,874.8369644532089
-51.105591094298525,-27.704788539427117,976.7671096523937
-51.12196646016851,-27.69102813687339,875.1903817895492
-51.130867842116224,-27.681841125343293,946.2473667776367
-51.12119580952045,-27.686501014600555,938.9119285893491
-51.099825814775826,-27.717786864597294,980.7545426481765
-51.09933156790743,-27.71771912766505,981.8557411820028
-51.116016792016715,-27.693016160067213,877.9757392575652
-51.11973427015016,-27.684223792787574,989.0473149286659
-51.131970444023544,-27.681835304297618,933.9526306867368
-51.132690934759445,-27.68267899649447,874.8616823327238
-51.103663253550856,-27.708678839404573,992.494909138792
-51.10046836934878,-27.717395621060113,980.4819719090067
-51.13038069654539,-27.684055415769965,882.4165915489943
-51.132690934759445,-27.681820153918657,874.9063271593507
-51.126666427274195,-27.682175527121256,903.3551219046504
-51.1137685716803,-27.696539135592253,968.856718561015
-51.11870066999326,-27.68229956916599,961.4619486005847
-51.10008109771635,-27.708664049100147,995.886314505862
-51.109019591198745,-27.715213312597307,993.3842977656931
-51.126624709176404,-27.683096234793,947.8180772020908
-51.132690934759445,-27.681825134097714,874.8516298880892
-51.12838950828439,-27.682699118215105,926.6907535284657
-51.12518040076964,-27.692910951278687,899.0223613831929
-51.132690934759445,-27.681847907545844,875.0966729387052
-51.132690934759445,-27.681825227640775,875.7128793382354
-51.12257620029602,-27.6884747987064,948.0431543806855
-51.12562699043529,-27.681822796155373,890.5782991270892
-51.102813071905615,-27.71718644917024,984.5906672362829
-51.10240706629227,-27.713149958227397,935.3490089305366
-51.132690934759445,-27.682033916260785,875.3310646910568
-51.13039024858579,-27.68182666827531,973.2482064232468
-51.11871421826035,-27.696979261361566,949.196870513585
-51.132690934759445,-27.68182116223018,876.401501834593
-51.132690934759445,-27.681820151617572,874.9031557893394
-51.132690934759445,-27.68182217972286,880.3190314151939
-51.10055582392435,-27.71496831115208,988.9954033666156
-51.12996992452938,-27.683303530074028,916.1926792655958
-51.10409235172906,-27.710763373235068,990.0484036793738
-51.132690934759445,-27.68272535536606,875.1206453321128
-51.11625299310998,-27.687461341981656,921.2119279521561
-51.132690934759445,-27.68182014159838,874.843680654658
-51.130395287264335,-27.684229136532696,875.850713068505
-51.132690934759445,-27.68258084501863,875.1178500384406
-51.132690934759445,-27.682022717158926,925.9563961895817
-51.132690934759445,-27.681835854688416,874.9060298258721
-51.13218249827668,-27.683056449357384,879.0634114731706
-51.12863913879735,-27.690455928605534,930.4700702259154
-51.132690934759445,-27.681820139349835,874.8351065351883
-51.12049076954009,-27.69994923465202,891.9178813655412
-51.120064020510675,-27.706508860885915,877.4732808517923
